{
  "loss": [
    2.203863, 
    2.161435, 
    2.049944, 
    1.923667, 
    1.870669, 
    1.877736, 
    1.684721, 
    1.700308, 
    1.700231, 
    1.784746, 
    1.61539, 
    1.706289, 
    1.583996, 
    1.64932, 
    1.729271, 
    1.826251, 
    1.660492, 
    1.756921, 
    1.844824, 
    1.673386, 
    1.601276, 
    1.514784, 
    1.539029, 
    1.774454, 
    1.676065, 
    1.50218, 
    1.569974, 
    1.547419, 
    1.554366, 
    1.548821, 
    1.469463, 
    1.465442, 
    1.52677, 
    1.544221, 
    1.634353, 
    1.533238, 
    1.483877, 
    1.409399, 
    1.446715, 
    1.462583, 
    1.422627, 
    1.472631, 
    1.426872, 
    1.509951, 
    1.42005, 
    1.433457, 
    1.428392, 
    2.127303, 
    1.484694, 
    1.488292, 
    1.464133, 
    1.481032, 
    1.527047, 
    1.538099, 
    1.523389, 
    1.433064, 
    1.501144, 
    1.441493, 
    1.438822, 
    1.381893, 
    1.431851, 
    1.436273, 
    1.394471, 
    1.434322, 
    1.631148, 
    1.453998, 
    1.344702, 
    1.426771, 
    1.378813, 
    1.391039, 
    1.363874, 
    1.58897, 
    1.423641, 
    1.429397, 
    1.370905, 
    1.409301, 
    1.366512, 
    1.455838, 
    1.375105, 
    1.36804, 
    1.404689, 
    2.108291, 
    1.496051, 
    1.438827, 
    1.427194, 
    1.390075, 
    1.46952, 
    1.43115, 
    1.339834, 
    1.392482, 
    1.458777, 
    1.413831, 
    1.374758, 
    1.358189, 
    1.346654, 
    1.351434, 
    1.375962, 
    1.338857, 
    1.368949, 
    1.465983, 
    1.418489, 
    1.366699, 
    1.36691, 
    1.3811, 
    1.350303, 
    1.342009, 
    1.329808, 
    1.362991, 
    1.350349, 
    1.326686, 
    1.300237, 
    1.720187, 
    1.318622, 
    1.316505, 
    1.339959, 
    1.317606, 
    1.321641, 
    1.349078
  ], 
  "epoch": [
    10, 
    20, 
    30, 
    40, 
    50, 
    60, 
    70, 
    80, 
    90, 
    100, 
    110, 
    120, 
    130, 
    140, 
    150, 
    160, 
    170, 
    180, 
    190, 
    200, 
    210, 
    220, 
    230, 
    240, 
    250, 
    260, 
    270, 
    280, 
    290, 
    300, 
    310, 
    320, 
    330, 
    340, 
    350, 
    360, 
    370, 
    380, 
    390, 
    400, 
    410, 
    420, 
    430, 
    440, 
    450, 
    460, 
    470, 
    480, 
    490, 
    500, 
    510, 
    520, 
    530, 
    540, 
    550, 
    560, 
    570, 
    580, 
    590, 
    600, 
    610, 
    620, 
    630, 
    640, 
    650, 
    660, 
    670, 
    680, 
    690, 
    700, 
    710, 
    720, 
    730, 
    740, 
    750, 
    760, 
    770, 
    780, 
    790, 
    800, 
    810, 
    820, 
    830, 
    840, 
    850, 
    860, 
    870, 
    880, 
    890, 
    900, 
    910, 
    920, 
    930, 
    940, 
    950, 
    960, 
    970, 
    980, 
    990, 
    1000, 
    1010, 
    1020, 
    1030, 
    1040, 
    1050, 
    1060, 
    1070, 
    1080, 
    1090, 
    1100, 
    1110, 
    1120, 
    1130, 
    1140, 
    1150, 
    1160, 
    1170, 
    1180
  ], 
  "v_loss": [
    1.58973, 
    1.793945, 
    1.736398, 
    1.753985, 
    2.05604, 
    1.831423, 
    1.614724, 
    1.618001, 
    1.47898, 
    2.015597, 
    1.733988, 
    1.524294, 
    1.663031, 
    1.595937, 
    1.701687, 
    1.474187, 
    1.559844, 
    1.489667, 
    13.193113, 
    1.701096, 
    1.600504, 
    1.604711, 
    1.519912, 
    1.399215, 
    1.587135, 
    1.619138, 
    1.39476, 
    1.517323, 
    1.61922, 
    1.919206, 
    1.378783, 
    1.434529, 
    1.580535, 
    1.471798, 
    1.396735, 
    1.366422, 
    1.486207, 
    1.400723, 
    1.477638, 
    1.354593, 
    1.423513, 
    1.388734, 
    1.371715, 
    1.387414, 
    1.352532, 
    1.384882, 
    1.334097, 
    2.459398, 
    1.481427, 
    1.366783, 
    1.351318, 
    1.356162, 
    1.367776, 
    1.477167, 
    1.361831, 
    1.381196, 
    1.389678, 
    1.405709, 
    1.314215, 
    1.404094, 
    1.37352, 
    1.396935, 
    1.399594, 
    1.440636, 
    2.299516, 
    1.472145, 
    1.329939, 
    1.462045, 
    1.360577, 
    1.39107, 
    1.302744, 
    1.656822, 
    1.394297, 
    1.320221, 
    1.322499, 
    1.39728, 
    1.342367, 
    1.58959, 
    1.312187, 
    1.343703, 
    1.29646, 
    2.056674, 
    1.478782, 
    1.34027, 
    1.379826, 
    1.348769, 
    1.339254, 
    1.660615, 
    1.329121, 
    1.502291, 
    1.433706, 
    1.378006, 
    1.385978, 
    1.365591, 
    1.292596, 
    1.329654, 
    1.326021, 
    1.316964, 
    1.332778, 
    1.562362, 
    1.376769, 
    1.28501, 
    1.471469, 
    1.368514, 
    1.329812, 
    1.31377, 
    1.282312, 
    1.352334, 
    1.283003, 
    1.263659, 
    1.3605, 
    1.963735, 
    1.295872, 
    1.29766, 
    1.292102, 
    1.263314, 
    1.329507, 
    1.351008
  ]
}